Planet_Name,Orbit_Semi-Major_Axis_[au])
Kepler-10 b,0.0172
Kepler-10 c,0.241
Kepler-100 b,0.072
Kepler-100 c,0.109
Kepler-100 d,0.2143
Kepler-1000 b,0.5337
Kepler-1001 b,0.1129
Kepler-1001 c,0.084
Kepler-1002 b,0.0564
Kepler-1003 b,0.0444
Kepler-1004 b,0.0671
Kepler-1005 b,0.0669
Kepler-1006 b,0.1464
Kepler-1007 b,0.048
Kepler-1008 b,0.0951
Kepler-1009 b,0.0796
Kepler-101 b,0.0474
Kepler-101 c,0.0684
Kepler-1010 b,0.193
Kepler-1011 b,0.0633
Kepler-1012 b,0.0585
Kepler-1013 b,0.137
Kepler-1014 b,0.121
Kepler-1015 b,0.1396
Kepler-1016 b,0.0307
Kepler-1016 c,0.4389
Kepler-1017 b,0.0702
Kepler-1018 b,0.253
Kepler-1019 b,0.0221
Kepler-102 b,0.0552
Kepler-102 c,0.067
Kepler-102 d,0.0862
Kepler-102 e,0.1162
Kepler-102 f,0.1655
Kepler-1020 b,0.3878
Kepler-1021 b,0.1034
Kepler-1022 b,0.0805
Kepler-1023 b,0.301
Kepler-1024 b,0.3033
Kepler-1025 b,0.3344
Kepler-1026 b,0.1977
Kepler-1027 b,0.0295
Kepler-1028 b,0.0354
Kepler-1029 b,0.047
Kepler-103 b,0.1269
Kepler-103 c,0.6372
Kepler-1030 b,0.1338
Kepler-1031 b,0.0218
Kepler-1032 b,0.0361
Kepler-1033 b,0.0761
Kepler-1034 b,0.0965
Kepler-1035 b,0.0386
Kepler-1036 b,0.4629
Kepler-1037 b,0.0198
Kepler-1038 b,0.5238
Kepler-1038 c,0.0692
Kepler-1039 b,0.0184
Kepler-104 b,0.094
Kepler-104 c,0.153
Kepler-104 d,0.257
Kepler-1040 b,0.6559
Kepler-1041 b,0.1688
Kepler-1042 b,0.0756
Kepler-1043 b,0.2159
Kepler-1044 b,0.0741
Kepler-1045 b,0.1616
Kepler-1046 b,0.1167
Kepler-1047 b,0.2939
Kepler-1047 c,0.0434
Kepler-1048 b,0.059
Kepler-1049 b,0.0349
Kepler-105 b,0.066
Kepler-105 c,0.0711
Kepler-1050 b,0.1313
Kepler-1050 c,0.1622
Kepler-1051 b,0.1891
Kepler-1052 b,0.2046
Kepler-1053 b,0.0315
Kepler-1054 b,0.054
Kepler-1055 b,0.0331
Kepler-1056 b,0.1629
Kepler-1057 b,0.1138
Kepler-1058 b,0.3679
Kepler-1059 b,0.044
Kepler-106 b,0.0648
Kepler-106 c,0.1096
Kepler-106 d,0.1602
Kepler-106 e,0.2395
Kepler-1060 b,0.2495
Kepler-1061 b,0.0384
Kepler-1062 b,0.0748
Kepler-1063 b,0.1176
Kepler-1064 b,0.1183
Kepler-1065 b,0.0455
Kepler-1065 c,0.0344
Kepler-1066 b,0.0299
Kepler-1067 b,0.0162
Kepler-1067 c,0.0601
Kepler-1068 b,0.1309
Kepler-1069 b,0.1685
Kepler-107 b,0.04544
Kepler-107 c,0.06064
Kepler-107 d,0.08377
Kepler-107 e,0.12639
Kepler-1070 b,0.0693
Kepler-1071 b,0.0615
Kepler-1072 b,0.0269
Kepler-1073 b,0.0805
Kepler-1073 c,0.0483
Kepler-1073 d,0.0352
Kepler-1074 b,0.0536
Kepler-1075 b,0.0208
Kepler-1076 b,0.0611
Kepler-1077 b,0.2101
Kepler-1078 b,0.0388
Kepler-1079 b,0.1092
Kepler-108 b,0.292
Kepler-108 c,0.721
Kepler-1080 b,0.3781
Kepler-1081 b,0.0466
Kepler-1082 b,0.0257
Kepler-1083 b,0.1899
Kepler-1084 b,0.0324
Kepler-1085 b,0.7391
Kepler-1085 c,0.3002
Kepler-1086 b,0.1198
Kepler-1086 c,0.503
Kepler-1087 b,0.0148
Kepler-1088 b,0.1602
Kepler-1089 b,0.0497
Kepler-109 b,0.0683
Kepler-109 c,0.1506
Kepler-1090 b,0.6364
Kepler-1090 c,0.2274
Kepler-1091 b,0.0252
Kepler-1092 b,0.2996
Kepler-1093 b,0.1685
Kepler-1093 c,0.394
Kepler-1094 b,0.3625
Kepler-1095 b,0.0514
Kepler-1096 b,0.034
Kepler-1097 b,0.5791
Kepler-1098 b,0.0358
Kepler-1099 b,0.0337
Kepler-11 b,0.091
Kepler-11 c,0.107
Kepler-11 d,0.155
Kepler-11 e,0.195
Kepler-11 f,0.25
Kepler-11 g,0.466
Kepler-110 b,0.107
Kepler-110 c,0.198
Kepler-1100 b,0.0684
Kepler-1101 b,0.3483
Kepler-1102 b,0.2731
Kepler-1103 b,0.1473
Kepler-1104 b,0.0628
Kepler-1105 b,0.0471
Kepler-1106 b,0.0239
Kepler-1107 b,0.0126
Kepler-1108 b,0.0511
Kepler-1109 b,0.2466
Kepler-111 b,0.046
Kepler-111 c,0.761
Kepler-1110 b,0.0754
Kepler-1111 b,0.0872
Kepler-1112 b,0.1239
Kepler-1113 b,0.2415
Kepler-1114 b,0.1102
Kepler-1115 b,0.2134
Kepler-1116 b,0.233
Kepler-1117 b,0.0546
Kepler-1118 b,0.2079
Kepler-1119 b,0.0812
Kepler-112 b,0.076
Kepler-112 c,0.172
Kepler-1120 b,0.0369
Kepler-1121 b,0.1187
Kepler-1122 b,0.2315
Kepler-1123 b,0.0497
Kepler-1124 b,0.0305
Kepler-1125 b,0.1348
Kepler-1126 b,0.4126
Kepler-1127 b,0.0556
Kepler-1128 b,0.302
Kepler-1129 b,0.1644
Kepler-1129 c,0.3528
Kepler-113 b,0.0502
Kepler-113 c,0.0763
Kepler-1130 b,0.0595
Kepler-1130 c,0.0423
Kepler-1130 d,0.0506
Kepler-1131 b,0.0459
Kepler-1132 b,0.2881
Kepler-1133 b,0.0983
Kepler-1134 b,0.1242
Kepler-1135 b,0.3436
Kepler-1136 b,0.0299
Kepler-1137 b,0.1871
Kepler-1138 b,0.0415
Kepler-1139 b,0.0165
Kepler-114 b,0.053
Kepler-114 c,0.06482
Kepler-114 d,0.08358
Kepler-1140 b,0.1478
Kepler-1141 b,0.0345
Kepler-1142 b,0.1343
Kepler-1143 b,0.0371
Kepler-1143 c,0.6477
Kepler-1144 b,0.1291
Kepler-1145 b,0.0443
Kepler-1146 b,0.0325
Kepler-1147 b,0.0961
Kepler-1148 b,0.0188
Kepler-1149 b,0.0473
Kepler-115 b,0.036
Kepler-115 c,0.087
Kepler-1150 b,0.0382
Kepler-1151 b,0.3197
Kepler-1152 b,0.0223
Kepler-1153 b,0.0277
Kepler-1154 b,0.0631
Kepler-1154 c,0.0875
Kepler-1155 b,0.2006
Kepler-1156 b,0.0994
Kepler-1157 b,0.0448
Kepler-1158 b,0.1246
Kepler-1159 b,0.1603
Kepler-116 b,0.069
Kepler-116 c,0.116
Kepler-1160 b,0.0755
Kepler-1161 b,0.0784
Kepler-1162 b,0.19
Kepler-1163 b,0.0685
Kepler-1164 b,0.0457
Kepler-1165 b,0.0914
Kepler-1165 c,0.1969
Kepler-1166 b,0.1975
Kepler-1167 b,0.0175
Kepler-1168 b,0.2663
Kepler-1169 b,0.0709
Kepler-117 b,0.1445
Kepler-117 c,0.2804
Kepler-1170 b,0.088
Kepler-1171 b,0.0284
Kepler-1172 b,0.168
Kepler-1173 b,0.0157
Kepler-1174 b,0.0732
Kepler-1175 b,0.2181
Kepler-1176 b,0.1589
Kepler-1177 b,0.4301
Kepler-1178 b,0.1596
Kepler-1179 b,0.0346
Kepler-118 b,0.073
Kepler-118 c,0.141
Kepler-1180 b,0.1246
Kepler-1181 b,0.0621
Kepler-1182 b,0.0981
Kepler-1183 b,0.1793
Kepler-1184 b,0.2863
Kepler-1185 b,0.4297
Kepler-1186 b,0.1281
Kepler-1187 b,0.1401
Kepler-1188 b,0.135
Kepler-1189 b,0.0467
Kepler-119 b,0.035
Kepler-119 c,0.049
Kepler-1190 b,0.0845
Kepler-1191 b,0.0587
Kepler-1192 b,0.1693
Kepler-1193 b,0.0403
Kepler-1194 b,0.1212
Kepler-1195 b,0.0726
Kepler-1196 b,0.3179
Kepler-1197 b,0.0283
Kepler-1198 b,0.0732
Kepler-1199 b,0.1152
Kepler-12 b,0.0553
Kepler-120 b,0.055
Kepler-120 c,0.088
Kepler-1200 b,0.0188
Kepler-1201 b,0.1183
Kepler-1202 b,0.179
Kepler-1203 b,0.0114
Kepler-1204 b,0.3877
Kepler-1205 b,0.0196
Kepler-1206 b,0.0201
Kepler-1207 b,0.1156
Kepler-1208 b,0.0901
Kepler-1209 b,0.18
Kepler-121 b,0.039
Kepler-121 c,0.216
Kepler-1210 b,0.0753
Kepler-1211 b,0.0985
Kepler-1212 b,0.1082
Kepler-1213 b,0.0635
Kepler-1214 b,0.128
Kepler-1215 b,0.0528
Kepler-1216 b,0.0519
Kepler-1217 b,0.0326
Kepler-1218 b,0.1564
Kepler-1219 b,0.1418
Kepler-122 b,0.064
Kepler-122 c,0.108
Kepler-122 d,0.155
Kepler-122 e,0.227
Kepler-1220 b,0.0734
Kepler-1221 b,0.0906
Kepler-1222 b,0.0282
Kepler-1223 b,0.1186
Kepler-1224 b,0.1165
Kepler-1225 b,0.0771
Kepler-1226 b,0.1361
Kepler-1227 b,0.4092
Kepler-1228 b,0.0125
Kepler-1229 b,0.3006
Kepler-123 b,0.135
Kepler-123 c,0.181
Kepler-1230 b,0.0921
Kepler-1231 b,0.0914
Kepler-1232 b,0.1673
Kepler-1233 b,0.263
Kepler-1234 b,0.096
Kepler-1235 b,0.0491
Kepler-1236 b,0.1803
Kepler-1237 b,0.3778
Kepler-1238 b,0.0541
Kepler-1239 b,0.0625
Kepler-124 b,0.039
Kepler-124 c,0.1
Kepler-124 d,0.17
Kepler-1240 b,0.0557
Kepler-1241 b,0.1336
Kepler-1242 b,0.1039
Kepler-1243 b,0.1256
Kepler-1244 b,0.0502
Kepler-1245 b,0.0484
Kepler-1245 c,0.0372
Kepler-1246 b,0.0848
Kepler-1247 b,0.1091
Kepler-1248 b,0.0806
Kepler-1249 b,0.167
Kepler-125 b,0.041
Kepler-125 c,0.051
Kepler-1250 b,0.0393
Kepler-1251 b,0.2478
Kepler-1252 b,0.1078
Kepler-1253 b,0.3133
Kepler-1254 b,0.0833
Kepler-1254 c,0.0422
Kepler-1254 d,0.0575
Kepler-1255 b,0.2226
Kepler-1256 b,0.1063
Kepler-1257 b,0.0376
Kepler-1258 b,0.0201
Kepler-1259 b,0.0141
Kepler-126 b,0.099
Kepler-126 c,0.162
Kepler-126 d,0.448
Kepler-1260 b,0.1444
Kepler-1261 b,0.239
Kepler-1262 b,0.083
Kepler-1263 b,0.0499
Kepler-1264 b,0.0191
Kepler-1265 b,0.0612
Kepler-1266 b,0.1689
Kepler-1266 c,0.052
Kepler-1267 b,0.1057
Kepler-1268 b,0.2383
Kepler-1269 b,0.226
Kepler-127 b,0.125
Kepler-127 c,0.2
Kepler-127 d,0.28
Kepler-1270 b,0.0663
Kepler-1271 b,0.0418
Kepler-1272 b,0.2705
Kepler-1273 b,0.1857
Kepler-1274 b,0.0806
Kepler-1275 b,0.0488
Kepler-1276 b,0.1072
Kepler-1277 b,0.2237
Kepler-1278 b,0.0419
Kepler-1279 b,0.1633
Kepler-128 b,0.1231
Kepler-128 c,0.1622
Kepler-1280 b,0.38
Kepler-1281 b,0.0415
Kepler-1282 b,0.0335
Kepler-1283 b,0.1062
Kepler-1284 b,0.0143
Kepler-1285 b,0.1268
Kepler-1286 b,0.0991
Kepler-1287 b,0.0976
Kepler-1288 b,0.0435
Kepler-1289 b,0.0785
Kepler-129 b,0.13
Kepler-129 c,0.39
Kepler-1290 b,0.0557
Kepler-1291 b,0.0779
Kepler-1292 b,0.0443
Kepler-1293 b,0.0659
Kepler-1294 b,0.4684
Kepler-1295 b,0.0464
Kepler-1296 b,0.0896
Kepler-1297 b,0.0283
Kepler-1298 b,0.082
Kepler-1299 b,0.1357
Kepler-130 b,0.079
Kepler-130 c,0.178
Kepler-130 d,0.377
Kepler-1300 b,0.1655
Kepler-1301 b,0.0815
Kepler-1302 b,0.0795
Kepler-1303 b,0.0751
Kepler-1304 b,0.1202
Kepler-1305 b,0.1109
Kepler-1306 b,0.123
Kepler-1307 b,0.1369
Kepler-1308 b,0.025
Kepler-1309 b,0.1679
Kepler-131 b,0.1238
Kepler-131 c,0.1684
Kepler-1310 b,0.0148
Kepler-1311 b,0.0989
Kepler-1311 c,0.0368
Kepler-1311 d,0.6711
Kepler-1312 b,0.0603
Kepler-1312 c,0.0209
Kepler-1313 b,0.046
Kepler-1314 b,0.0504
Kepler-1315 b,0.0163
Kepler-1315 c,0.064
Kepler-1316 b,0.3859
Kepler-1317 b,0.0128
Kepler-1318 b,0.6085
Kepler-1319 b,0.0296
Kepler-132 b,0.067
Kepler-132 c,0.068
Kepler-132 d,0.136
Kepler-132 e,0.4393
Kepler-1320 b,0.0163
Kepler-1321 b,0.0781
Kepler-1321 c,0.0267
Kepler-1321 d,0.0501
Kepler-1322 b,0.0183
Kepler-1322 c,0.0652
Kepler-1323 b,0.0191
Kepler-1324 b,0.0466
Kepler-1325 b,0.2004
Kepler-1326 b,0.2743
Kepler-1327 b,0.1186
Kepler-1328 b,0.0529
Kepler-1329 b,0.0747
Kepler-133 b,0.083
Kepler-133 c,0.204
Kepler-1330 b,0.0889
Kepler-1331 b,0.0142
Kepler-1332 b,0.0986
Kepler-1333 b,0.4382
Kepler-1334 b,0.1229
Kepler-1335 b,0.0615
Kepler-1336 b,0.1595
Kepler-1336 c,0.0631
Kepler-1337 b,0.1441
Kepler-1338 b,0.0193
Kepler-1339 b,0.0234
Kepler-134 b,0.06
Kepler-134 c,0.092
Kepler-1340 b,0.0153
Kepler-1341 b,0.4498
Kepler-1342 b,0.0313
Kepler-1343 b,0.0449
Kepler-1344 b,0.0568
Kepler-1345 b,0.2638
Kepler-1346 b,0.044
Kepler-1347 b,0.104
Kepler-1348 b,0.1834
Kepler-1349 b,0.0341
Kepler-135 b,0.067
Kepler-135 c,0.103
Kepler-1350 b,0.0413
Kepler-1350 c,0.0222
Kepler-1351 b,0.0156
Kepler-1352 b,0.03
Kepler-1353 b,0.153
Kepler-1354 b,0.3521
Kepler-1355 b,0.0224
Kepler-1356 b,0.0136
Kepler-1357 b,0.041
Kepler-1358 b,0.0656
Kepler-1359 b,0.2769
Kepler-136 b,0.106
Kepler-136 c,0.133
Kepler-1360 b,0.2866
Kepler-1361 b,0.0431
Kepler-1362 b,0.4626
Kepler-1363 b,0.0363
Kepler-1364 b,0.1284
Kepler-1365 b,0.075
Kepler-1365 c,0.0545
Kepler-1366 b,0.0273
Kepler-1367 b,0.0236
Kepler-1368 b,0.0153
Kepler-1369 b,0.1741
Kepler-137 b,0.077
Kepler-137 c,0.13
Kepler-1370 b,0.1495
Kepler-1370 c,0.0767
Kepler-1371 b,0.0393
Kepler-1371 c,0.0274
Kepler-1372 b,0.024
Kepler-1373 b,0.0242
Kepler-1374 b,0.0918
Kepler-1375 b,0.0471
Kepler-1376 b,0.0598
Kepler-1377 b,0.0153
Kepler-1378 b,0.0885
Kepler-1379 b,0.0171
Kepler-138 b,0.076
Kepler-138 c,0.0906
Kepler-138 d,0.12781
Kepler-1380 b,0.0917
Kepler-1381 b,0.1728
Kepler-1382 b,0.1404
Kepler-1383 b,0.1179
Kepler-1384 b,0.1126
Kepler-1385 b,0.0415
Kepler-1386 b,0.068
Kepler-1387 b,0.031
Kepler-1388 b,0.0882
Kepler-1388 c,0.0519
Kepler-1388 d,0.126
Kepler-1388 e,0.1861
Kepler-1389 b,0.3869
Kepler-139 b,0.127
Kepler-139 c,0.586
Kepler-1390 b,0.0662
Kepler-1391 b,0.2768
Kepler-1392 b,0.1189
Kepler-1393 b,0.0337
Kepler-1394 b,0.0555
Kepler-1395 b,0.0494
Kepler-1396 b,0.1406
Kepler-1397 b,0.2602
Kepler-1398 b,0.0392
Kepler-1398 c,0.051
Kepler-1399 b,0.0276
Kepler-14 b,0.0771
Kepler-140 b,0.045
Kepler-140 c,0.414
Kepler-1400 b,0.0771
Kepler-1401 b,0.0975
Kepler-1402 b,0.0322
Kepler-1403 b,0.064
Kepler-1404 b,0.1143
Kepler-1405 b,0.1778
Kepler-1406 b,0.0987
Kepler-1407 b,0.1502
Kepler-1408 b,0.0425
Kepler-1409 b,0.0152
Kepler-141 b,0.039
Kepler-141 c,0.067
Kepler-1410 b,0.2543
Kepler-1411 b,0.4001
Kepler-1412 b,0.0461
Kepler-1413 b,0.1066
Kepler-1414 b,0.0426
Kepler-1415 b,0.0144
Kepler-1416 b,0.0257
Kepler-1417 b,0.1431
Kepler-1418 b,0.131
Kepler-1419 b,0.2391
Kepler-142 b,0.032
Kepler-142 c,0.057
Kepler-142 d,0.242
Kepler-1420 b,0.0671
Kepler-1421 b,0.0762
Kepler-1422 b,0.1499
Kepler-1423 b,0.1586
Kepler-1424 b,0.1861
Kepler-1425 b,0.1038
Kepler-1426 b,0.1187
Kepler-1427 b,0.0197
Kepler-1428 b,0.1059
Kepler-1429 b,0.055
Kepler-143 b,0.127
Kepler-143 c,0.181
Kepler-1430 b,0.0304
Kepler-1431 b,0.0648
Kepler-1432 b,0.1696
Kepler-1433 b,0.0516
Kepler-1434 b,0.0894
Kepler-1435 b,0.0546
Kepler-1436 b,0.0907
Kepler-1437 b,0.0951
Kepler-1438 b,0.0346
Kepler-1439 b,0.0594
Kepler-144 b,0.066
Kepler-144 c,0.094
Kepler-1440 b,0.2274
Kepler-1441 b,0.2346
Kepler-1442 b,0.4039
Kepler-1443 b,0.0368
Kepler-1444 b,0.2015
Kepler-1445 b,0.0948
Kepler-1446 b,0.0141
Kepler-1447 b,0.2836
Kepler-1448 b,0.1058
Kepler-1449 b,0.1176
Kepler-145 b,0.1699
Kepler-145 c,0.2578
Kepler-1450 b,0.2401
Kepler-1451 b,0.2101
Kepler-1452 b,0.2697
Kepler-1453 b,0.262
Kepler-1454 b,0.2447
Kepler-1455 b,0.2149
Kepler-1456 b,0.1132
Kepler-1457 b,0.2668
Kepler-1458 b,0.2495
Kepler-1459 b,0.2829
Kepler-146 b,0.2
Kepler-146 c,0.364
Kepler-1460 b,0.1614
Kepler-1461 b,0.1715
Kepler-1462 b,0.3094
Kepler-1463 b,0.1694
Kepler-1464 b,0.1803
Kepler-1464 c,0.0548
Kepler-1465 b,0.1939
Kepler-1466 b,0.1942
Kepler-1467 b,0.2388
Kepler-1468 b,0.0817
Kepler-1468 c,0.0466
Kepler-1468 d,0.1456
Kepler-1469 b,0.1466
Kepler-147 b,0.113
Kepler-147 c,0.216
Kepler-1470 b,0.116
Kepler-1471 b,0.0453
Kepler-1472 b,0.2322
Kepler-1473 b,0.116
Kepler-1474 b,0.2108
Kepler-1475 b,0.373
Kepler-1476 b,0.0932
Kepler-1477 b,0.0911
Kepler-1478 b,0.1681
Kepler-1479 b,0.1173
Kepler-148 b,0.028
Kepler-148 c,0.05
Kepler-148 d,0.2607
Kepler-1480 b,0.1525
Kepler-1481 b,0.059
Kepler-1482 b,0.1016
Kepler-1483 b,0.0958
Kepler-1484 b,0.1939
Kepler-1485 b,0.1467
Kepler-1486 b,0.2846
Kepler-1487 b,0.0898
Kepler-1488 b,0.2285
Kepler-1488 c,0.0658
Kepler-1489 b,0.3679
Kepler-149 b,0.184
Kepler-149 c,0.281
Kepler-149 d,0.571
Kepler-1490 b,0.3729
Kepler-1491 b,0.127
Kepler-1492 b,0.1262
Kepler-1493 b,0.1197
Kepler-1494 b,0.3982
Kepler-1495 b,0.3677
Kepler-1496 b,0.3211
Kepler-1497 b,0.0817
Kepler-1498 b,0.2528
Kepler-1499 b,0.2196
Kepler-15 b,0.05714
Kepler-150 b,0.044
Kepler-150 c,0.073
Kepler-150 d,0.104
Kepler-150 e,0.189
Kepler-1500 b,0.1236
Kepler-1501 b,0.1228
Kepler-1502 b,0.2482
Kepler-1503 b,0.3771
Kepler-1504 b,0.3704
Kepler-1505 b,0.1862
Kepler-1506 b,0.1168
Kepler-1507 b,0.1234
Kepler-1508 b,0.1629
Kepler-1509 b,0.1707
Kepler-151 b,0.116
Kepler-151 c,0.16
Kepler-1510 b,0.4089
Kepler-1511 b,0.1753
Kepler-1512 b,0.1097
Kepler-1513 b,0.5416
Kepler-1514 b,0.753
Kepler-1514 c,0.0997
Kepler-1515 b,0.7655
Kepler-1516 b,0.0718
Kepler-1517 b,0.078
Kepler-1518 b,0.0593
Kepler-1519 b,0.7655
Kepler-152 b,0.124
Kepler-152 c,0.356
Kepler-1520 b,0.0129
Kepler-1521 b,0.2317
Kepler-1522 b,0.0288
Kepler-1523 b,0.0185
Kepler-1524 b,0.3392
Kepler-1525 b,0.036
Kepler-1526 b,0.0418
Kepler-1527 b,0.6276
Kepler-1528 b,0.0296
Kepler-1529 b,0.0525
Kepler-153 b,0.129
Kepler-153 c,0.237
Kepler-1530 b,0.0371
Kepler-1530 c,0.06
Kepler-1530 d,0.0865
Kepler-1531 b,0.022
Kepler-1532 b,0.0206
Kepler-1533 b,0.9625
Kepler-1534 b,0.0599
Kepler-1535 b,0.5329
Kepler-1536 b,0.8507
Kepler-1537 b,0.0245
Kepler-1538 b,0.6095
Kepler-1539 b,0.4765
Kepler-154 b,0.198
Kepler-154 c,0.303
Kepler-154 d,0.1415
Kepler-154 e,0.047
Kepler-154 f,0.0871
Kepler-1540 b,0.4426
Kepler-1541 b,0.0781
Kepler-1542 b,0.0479
Kepler-1542 c,0.0389
Kepler-1542 d,0.0632
Kepler-1542 e,0.0567
Kepler-1543 b,0.0867
Kepler-1544 b,0.5421
Kepler-1545 b,0.5442
Kepler-1546 b,0.1366
Kepler-1547 b,0.0165
Kepler-1548 b,0.4679
Kepler-1549 b,0.6687
Kepler-155 b,0.056
Kepler-155 c,0.242
Kepler-1550 b,0.7681
Kepler-1551 b,0.1772
Kepler-1552 b,0.6045
Kepler-1553 b,0.0481
Kepler-1554 b,0.6314
Kepler-1555 b,0.0805
Kepler-1556 b,0.0829
Kepler-1557 b,0.049
Kepler-1558 b,0.0419
Kepler-1559 b,0.018
Kepler-156 b,0.054
Kepler-156 c,0.117
Kepler-1560 b,0.0397
Kepler-1561 b,0.0194
Kepler-1562 b,0.3308
Kepler-1563 b,0.0442
Kepler-1564 b,0.1327
Kepler-1565 b,0.0241
Kepler-1566 b,0.0121
Kepler-1567 b,0.552
Kepler-1568 b,0.1499
Kepler-1569 b,0.0654
Kepler-157 b,0.028
Kepler-157 c,0.11
Kepler-157 d,0.0698
Kepler-1570 b,0.1784
Kepler-1571 b,0.0432
Kepler-1572 b,0.0614
Kepler-1573 b,0.0364
Kepler-1574 b,0.0743
Kepler-1575 b,0.0366
Kepler-1576 b,0.0726
Kepler-1577 b,0.0657
Kepler-1578 b,0.0252
Kepler-1579 b,0.014
Kepler-158 b,0.111
Kepler-158 c,0.158
Kepler-1580 b,0.323
Kepler-1581 b,0.0674
Kepler-1582 b,0.0316
Kepler-1583 b,0.085
Kepler-1584 b,0.1168
Kepler-1585 b,0.0445
Kepler-1586 b,0.1266
Kepler-1587 b,0.0878
Kepler-1588 b,0.0726
Kepler-1589 b,0.0205
Kepler-159 b,0.082
Kepler-159 c,0.218
Kepler-1590 b,0.0772
Kepler-1591 b,0.0794
Kepler-1592 b,0.04
Kepler-1593 b,0.546
Kepler-1594 b,0.0396
Kepler-1595 b,0.051
Kepler-1596 b,0.3237
Kepler-1597 b,0.0427
Kepler-1598 b,0.0527
Kepler-1599 b,0.4823
Kepler-160 b,0.05511
Kepler-160 c,0.1192
Kepler-1600 b,0.9712
Kepler-1600 c,0.0689
Kepler-1601 b,0.0336
Kepler-1602 b,0.1074
Kepler-1603 b,0.0351
Kepler-1604 b,0.0089
Kepler-1605 b,0.3912
Kepler-1606 b,0.6421
Kepler-1607 b,0.1075
Kepler-1608 b,0.1126
Kepler-1609 b,0.4679
Kepler-161 b,0.054
Kepler-161 c,0.068
Kepler-1610 b,0.0777
Kepler-1611 b,0.0586
Kepler-1612 b,0.0482
Kepler-1613 b,0.0264
Kepler-1614 b,0.0471
Kepler-1615 b,0.2788
Kepler-1616 b,0.0761
Kepler-1617 b,0.181
Kepler-1618 b,0.0706
Kepler-1619 b,0.1611
Kepler-162 b,0.069
Kepler-162 c,0.137
Kepler-1620 b,0.4322
Kepler-1621 b,0.4204
Kepler-1622 b,0.0994
Kepler-1623 b,0.0518
Kepler-1624 b,0.0327
Kepler-1625 b,0.8748
Kepler-1626 b,0.0537
Kepler-1627 b,0.0643
Kepler-1628 b,0.2952
Kepler-1629 b,0.0485
Kepler-163 b,0.078
Kepler-163 c,0.152
Kepler-1630 b,1.1218
Kepler-1631 b,0.0511
Kepler-1632 b,0.6762
Kepler-1633 b,0.3875
Kepler-1634 b,1.0525
Kepler-1635 b,1.117
Kepler-1636 b,1.1546
Kepler-1637 b,0.0596
Kepler-1638 b,0.745
Kepler-1639 b,0.0932
Kepler-164 b,0.058
Kepler-164 c,0.097
Kepler-164 d,0.187
Kepler-1640 b,0.0836
Kepler-1641 b,0.1473
Kepler-1641 c,0.2065
Kepler-1642 b,0.1016
Kepler-1642 c,0.0678
Kepler-1643 b,0.0531
Kepler-1644 b,0.142
Kepler-1645 b,0.1285
Kepler-1646 b,0.0295
Kepler-1649 b,0.0514
Kepler-1649 c,0.0649
Kepler-165 b,0.072
Kepler-165 c,0.11
Kepler-1650 b,0.0167
Kepler-1651 b,0.0692
Kepler-1652 b,0.1654
Kepler-1653 b,0.4706
Kepler-1655 b,0.103
Kepler-1656 b,0.197
Kepler-1658 b,0.0544
Kepler-166 b,0.072
Kepler-166 c,0.195
Kepler-166 d,0.0246
Kepler-1663 b,0.1072
Kepler-1664 b,0.1137
Kepler-1665 b,0.1006
Kepler-1666 b,0.1761
Kepler-1666 c,0.2383
Kepler-1667 b,0.4256
Kepler-1668 b,0.124
Kepler-1669 b,0.0745
Kepler-1669 c,0.0228
Kepler-167 b,0.0483
Kepler-167 c,0.0684
Kepler-167 d,0.1405
Kepler-167 e,1.89
Kepler-1670 b,0.1528
Kepler-1671 b,0.0491
Kepler-1672 b,0.5726
Kepler-1673 b,0.2127
Kepler-1674 b,0.3017
Kepler-1675 b,0.3076
Kepler-1676 b,0.1954
Kepler-1677 b,0.1624
Kepler-1678 b,0.5302
Kepler-1679 b,0.0892
Kepler-168 b,0.056
Kepler-168 c,0.116
Kepler-1680 b,0.0784
Kepler-1681 b,0.32
Kepler-1682 b,0.1134
Kepler-1683 b,0.1182
Kepler-1684 b,0.2253
Kepler-1685 b,0.1485
Kepler-1686 b,0.0866
Kepler-1687 b,0.0532
Kepler-1688 b,0.0577
Kepler-1689 b,0.0798
Kepler-169 b,0.04
Kepler-169 c,0.062
Kepler-169 d,0.075
Kepler-169 e,0.105
Kepler-169 f,0.359
Kepler-1690 b,0.7097
Kepler-1691 b,0.0495
Kepler-1692 b,0.0646
Kepler-1693 b,0.1011
Kepler-1693 c,0.0588
Kepler-1694 b,0.0449
Kepler-1695 b,0.0529
Kepler-1696 b,0.3244
Kepler-1697 b,0.2008
Kepler-1698 b,0.0203
Kepler-1699 b,0.0418
Kepler-17 b,0.02591
Kepler-170 b,0.08
Kepler-170 c,0.131
Kepler-1700 b,0.7576
Kepler-1701 b,0.5608
Kepler-1702 b,0.1275
Kepler-1704 b,2.026
Kepler-1705 b,0.08
Kepler-1709 b,0.3192
Kepler-171 b,0.05
Kepler-171 c,0.098
Kepler-171 d,0.223
Kepler-1710 b,0.1159
Kepler-1711 b,0.1463
Kepler-1712 b,0.0903
Kepler-1713 b,0.1469
Kepler-1714 b,0.1047
Kepler-1715 b,0.2178
Kepler-1716 b,0.1916
Kepler-1717 b,0.2014
Kepler-1718 b,0.4878
Kepler-1719 b,0.0674
Kepler-172 b,0.04
Kepler-172 c,0.068
Kepler-172 d,0.118
Kepler-172 e,0.211
Kepler-1720 b,0.1043
Kepler-1721 b,0.0519
Kepler-1722 b,0.0819
Kepler-1723 b,0.2249
Kepler-1724 b,0.0683
Kepler-1725 b,0.1302
Kepler-1726 b,0.1306
Kepler-1727 b,0.0796
Kepler-1728 b,0.0535
Kepler-1729 b,0.0418
Kepler-173 b,0.048
Kepler-173 c,0.074
Kepler-1730 b,0.1131
Kepler-1731 b,0.1401
Kepler-1732 b,0.2015
Kepler-1733 b,0.0933
Kepler-1734 b,0.0714
Kepler-1735 b,0.0621
Kepler-1736 b,0.2188
Kepler-1737 b,0.297
Kepler-1738 b,0.0781
Kepler-1739 b,0.0697
Kepler-174 b,0.1
Kepler-174 c,0.214
Kepler-174 d,0.677
Kepler-1740 b,0.0779
Kepler-1741 b,0.0296
Kepler-1742 b,0.2587
Kepler-1743 b,0.0822
Kepler-1744 b,0.2093
Kepler-1745 b,0.0408
Kepler-1746 b,0.9453
Kepler-1747 b,0.066
Kepler-1748 b,0.0615
Kepler-1749 b,0.0956
Kepler-175 b,0.105
Kepler-175 c,0.213
Kepler-1750 b,0.6785
Kepler-1751 b,0.0712
Kepler-1752 b,0.2698
Kepler-1753 b,0.1179
Kepler-1754 b,0.0718
Kepler-1755 b,0.1668
Kepler-1756 b,0.0319
Kepler-1757 b,0.1335
Kepler-1758 b,0.0919
Kepler-1759 b,0.0429
Kepler-176 b,0.058
Kepler-176 c,0.102
Kepler-176 d,0.163
Kepler-176 e,0.2494
Kepler-1760 b,0.2084
Kepler-1761 b,0.0413
Kepler-1762 b,0.204
Kepler-1763 b,0.0257
Kepler-1764 b,0.3512
Kepler-1765 b,0.0917
Kepler-1766 b,0.4229
Kepler-1767 b,0.2873
Kepler-1768 b,0.1286
Kepler-1769 b,0.3987
Kepler-177 b,0.2184
Kepler-177 c,0.2655
Kepler-1770 b,0.1261
Kepler-1771 b,0.3815
Kepler-1772 b,0.0418
Kepler-1773 b,0.2489
Kepler-1774 b,0.3096
Kepler-1775 b,0.3986
Kepler-1776 b,0.2124
Kepler-1777 b,0.1031
Kepler-1778 b,0.0956
Kepler-1779 b,0.1264
Kepler-178 b,0.085
Kepler-178 c,0.142
Kepler-178 d,0.397
Kepler-1780 b,0.4276
Kepler-1781 b,0.0574
Kepler-1782 b,0.0582
Kepler-1783 b,0.077
Kepler-1784 b,0.1072
Kepler-1785 b,0.1379
Kepler-1786 b,0.3659
Kepler-1787 b,0.227
Kepler-1788 b,0.0343
Kepler-1789 b,0.3543
Kepler-179 b,0.036
Kepler-179 c,0.064
Kepler-1790 b,0.197
Kepler-1791 b,0.0761
Kepler-1792 b,0.0488
Kepler-1793 b,0.0787
Kepler-1794 b,0.0821
Kepler-1795 b,0.1002
Kepler-1796 b,0.1879
Kepler-1797 b,0.1637
Kepler-1798 b,0.1082
Kepler-1799 b,0.1028
Kepler-18 b,0.0447
Kepler-18 c,0.0752
Kepler-18 d,0.1172
Kepler-180 b,0.109
Kepler-180 c,0.229
Kepler-1800 b,0.0592
Kepler-1801 b,0.0915
Kepler-1802 b,0.0662
Kepler-1802 c,0.1748
Kepler-1804 b,0.1017
Kepler-1805 b,0.0699
Kepler-1806 b,0.0813
Kepler-1807 b,0.0988
Kepler-1808 b,0.1467
Kepler-1809 b,0.0435
Kepler-181 b,0.04
Kepler-181 c,0.049
Kepler-1810 b,0.4137
Kepler-1811 b,0.3462
Kepler-1812 b,0.0765
Kepler-1813 b,0.0364
Kepler-1814 b,0.0371
Kepler-1815 b,0.0984
Kepler-1816 b,0.3648
Kepler-1817 b,0.2348
Kepler-1818 b,0.055
Kepler-1819 b,0.1337
Kepler-182 b,0.096
Kepler-182 c,0.157
Kepler-1820 b,0.1964
Kepler-1821 b,0.1244
Kepler-1822 b,0.1416
Kepler-1823 b,0.1528
Kepler-1824 b,0.4267
Kepler-1825 b,0.0187
Kepler-1826 b,0.0213
Kepler-1827 b,0.0455
Kepler-1828 b,0.0924
Kepler-1829 b,0.0559
Kepler-183 b,0.064
Kepler-183 c,0.103
Kepler-1830 b,0.3259
Kepler-1831 b,0.0655
Kepler-1832 b,0.037
Kepler-1833 b,0.0771
Kepler-1834 b,0.0496
Kepler-1835 b,0.0997
Kepler-1836 b,0.0602
Kepler-1837 b,0.065
Kepler-1838 b,0.1096
Kepler-1839 b,0.0583
Kepler-184 b,0.092
Kepler-184 c,0.141
Kepler-184 d,0.179
Kepler-1840 b,0.4644
Kepler-1841 b,0.1606
Kepler-1842 b,0.116
Kepler-1843 b,0.171
Kepler-1844 b,0.0478
Kepler-1845 b,0.0885
Kepler-1846 b,0.1089
Kepler-1847 b,0.0989
Kepler-1848 b,0.0563
Kepler-1849 b,0.2597
Kepler-185 b,0.026
Kepler-185 c,0.139
Kepler-1850 b,0.0206
Kepler-1851 b,0.1016
Kepler-1852 b,0.0762
Kepler-1853 b,0.2395
Kepler-1854 b,0.2119
Kepler-1855 b,0.0115
Kepler-1856 b,0.0215
Kepler-1857 b,0.0807
Kepler-1858 b,0.3575
Kepler-1859 b,0.0394
Kepler-186 b,0.0343
Kepler-186 c,0.0451
Kepler-186 d,0.0781
Kepler-186 e,0.11
Kepler-1860 b,0.1021
Kepler-1861 b,0.2408
Kepler-1862 b,0.1199
Kepler-1863 b,0.2555
Kepler-1864 b,0.0488
Kepler-1865 b,0.0344
Kepler-1866 b,0.1016
Kepler-1867 b,0.0872
Kepler-1868 b,0.6266
Kepler-1869 b,0.0791
Kepler-187 b,0.059
Kepler-187 c,0.099
Kepler-1870 b,0.0453
Kepler-1871 b,0.0308
Kepler-1872 b,0.0465
Kepler-1873 b,0.0128
Kepler-1874 b,0.2633
Kepler-1875 b,0.2039
Kepler-1876 b,0.0735
Kepler-1877 b,0.0351
Kepler-1878 b,0.0521
Kepler-1879 b,0.0953
Kepler-188 b,0.032
Kepler-188 c,0.066
Kepler-1880 b,0.054
Kepler-1881 b,0.5368
Kepler-1882 b,0.1151
Kepler-1883 b,0.4438
Kepler-1884 b,0.0845
Kepler-1885 b,0.036
Kepler-1886 b,0.16
Kepler-1887 b,0.1421
Kepler-1888 b,0.0956
Kepler-1889 b,0.2082
Kepler-189 b,0.088
Kepler-189 c,0.137
Kepler-1890 b,0.0563
Kepler-1891 b,0.0473
Kepler-1892 b,0.0633
Kepler-1893 b,0.0504
Kepler-1894 b,0.0385
Kepler-1895 b,0.0615
Kepler-1896 b,0.2529
Kepler-1897 b,0.1546
Kepler-1898 b,0.0522
Kepler-1899 b,0.0457
Kepler-19 b,0.0835
Kepler-190 b,0.03
Kepler-190 c,0.045
Kepler-1900 b,0.042
Kepler-1901 b,0.0453
Kepler-1902 b,0.0385
Kepler-1903 b,0.1321
Kepler-1904 b,0.0436
Kepler-1905 b,0.0451
Kepler-1906 b,0.0738
Kepler-1907 b,0.0565
Kepler-1907 c,0.1076
Kepler-1909 b,0.0306
Kepler-191 b,0.087
Kepler-191 c,0.128
Kepler-191 d,0.0599
Kepler-1910 b,0.0536
Kepler-1911 b,0.0636
Kepler-1912 b,0.0646
Kepler-1913 b,0.1209
Kepler-1914 b,0.1954
Kepler-1915 b,0.114
Kepler-1916 b,0.2053
Kepler-1917 b,0.103
Kepler-1918 b,0.2524
Kepler-1919 b,0.2107
Kepler-192 b,0.09
Kepler-192 c,0.15
Kepler-192 d,0.0668
Kepler-1920 b,0.2043
Kepler-1921 b,0.1557
Kepler-1922 b,0.1077
Kepler-1923 b,0.2846
Kepler-1924 b,0.1216
Kepler-1925 b,0.2588
Kepler-1926 b,0.2197
Kepler-1927 b,0.3859
Kepler-1928 b,0.1409
Kepler-1929 b,0.2987
Kepler-193 b,0.106
Kepler-193 c,0.286
Kepler-1930 b,0.1025
Kepler-1931 b,0.2356
Kepler-1932 b,0.0123
Kepler-1933 b,0.0561
Kepler-1934 b,0.0245
Kepler-1935 b,0.0463
Kepler-1936 b,0.5548
Kepler-1937 b,0.0943
Kepler-1938 b,0.0938
Kepler-1939 b,0.0334
Kepler-194 b,0.032
Kepler-194 c,0.131
Kepler-194 d,0.275
Kepler-1940 b,0.0525
Kepler-1941 b,0.2054
Kepler-1942 b,0.0516
Kepler-1943 b,0.0571
Kepler-1944 b,0.0918
Kepler-1945 b,0.0597
Kepler-1946 b,0.0394
Kepler-1947 b,0.0711
Kepler-1948 b,0.1022
Kepler-1949 b,0.0352
Kepler-195 b,0.077
Kepler-195 c,0.197
Kepler-1950 b,0.0871
Kepler-1951 b,0.1435
Kepler-1952 b,0.1724
Kepler-1953 b,0.0607
Kepler-1954 b,0.0625
Kepler-1955 b,0.117
Kepler-1956 b,0.0563
Kepler-1957 b,0.0299
Kepler-1958 b,0.0856
Kepler-1959 b,0.0617
Kepler-196 b,0.138
Kepler-196 c,0.24
Kepler-196 d,0.4484
Kepler-1960 b,0.0354
Kepler-1961 b,0.0588
Kepler-1962 b,0.0783
Kepler-1963 b,0.0298
Kepler-1964 b,0.0322
Kepler-1965 b,0.2301
Kepler-1966 b,0.0763
Kepler-1967 b,0.0735
Kepler-1968 b,0.0696
Kepler-1969 b,0.0717
Kepler-197 b,0.06
Kepler-197 c,0.09
Kepler-197 d,0.119
Kepler-197 e,0.164
Kepler-198 b,0.131
Kepler-198 c,0.259
Kepler-198 d,0.0229
Kepler-199 b,0.158
Kepler-199 c,0.316
Kepler-20 b,0.0463
Kepler-20 c,0.0949
Kepler-20 d,0.3506
Kepler-20 e,0.0639
Kepler-20 f,0.1396
Kepler-200 b,0.08
Kepler-200 c,0.09
Kepler-201 b,0.175
Kepler-201 c,0.573
Kepler-202 b,0.045
Kepler-202 c,0.113
Kepler-203 b,0.043
Kepler-203 c,0.061
Kepler-203 d,0.1
Kepler-204 b,0.117
Kepler-204 c,0.173
Kepler-205 b,0.032
Kepler-205 c,0.122
Kepler-206 b,0.078
Kepler-206 c,0.111
Kepler-206 d,0.163
Kepler-207 b,0.029
Kepler-207 c,0.044
Kepler-207 d,0.068
Kepler-208 b,0.054
Kepler-208 c,0.079
Kepler-208 d,0.103
Kepler-208 e,0.132
Kepler-209 b,0.122
Kepler-209 c,0.231
Kepler-21 b,0.042717
Kepler-210 b,0.032
Kepler-210 c,0.07
Kepler-211 b,0.048
Kepler-211 c,0.062
Kepler-212 b,0.133
Kepler-212 c,0.207
Kepler-213 b,0.036
Kepler-213 c,0.057
Kepler-214 b,0.13
Kepler-214 c,0.194
Kepler-215 b,0.084
Kepler-215 c,0.113
Kepler-215 d,0.185
Kepler-215 e,0.314
Kepler-216 b,0.079
Kepler-216 c,0.136
Kepler-217 b,0.065
Kepler-217 c,0.089
Kepler-217 d,0.0505
Kepler-218 b,0.046
Kepler-218 c,0.248
Kepler-218 d,0.4865
Kepler-219 b,0.057
Kepler-219 c,0.165
Kepler-219 d,0.272
Kepler-22 b,0.849
Kepler-220 b,0.046
Kepler-220 c,0.076
Kepler-220 d,0.163
Kepler-220 e,0.226
Kepler-221 b,0.037
Kepler-221 c,0.059
Kepler-221 d,0.087
Kepler-221 e,0.13
Kepler-222 b,0.048
Kepler-222 c,0.091
Kepler-222 d,0.18
Kepler-223 b,0.0756
Kepler-223 c,0.0916
Kepler-223 d,0.1201
Kepler-223 e,0.1455
Kepler-224 b,0.038
Kepler-224 c,0.058
Kepler-224 d,0.089
Kepler-224 e,0.124
Kepler-225 b,0.056
Kepler-225 c,0.111
Kepler-226 b,0.047
Kepler-226 c,0.058
Kepler-226 d,0.076
Kepler-227 b,0.09
Kepler-227 c,0.29
Kepler-228 b,0.038
Kepler-228 c,0.052
Kepler-228 d,0.101
Kepler-229 b,0.062
Kepler-229 c,0.117
Kepler-229 d,0.22
Kepler-23 b,0.075
Kepler-23 c,0.099
Kepler-23 d,0.124
Kepler-230 b,0.191
Kepler-230 c,0.38
Kepler-231 b,0.074
Kepler-231 c,0.114
Kepler-232 b,0.054
Kepler-232 c,0.101
Kepler-233 b,0.077
Kepler-233 c,0.287
Kepler-234 b,0.04
Kepler-234 c,0.077
Kepler-235 b,0.037
Kepler-235 c,0.065
Kepler-235 d,0.122
Kepler-235 e,0.213
Kepler-236 b,0.065
Kepler-236 c,0.132
Kepler-237 b,0.05
Kepler-237 c,0.071
Kepler-238 b,0.034
Kepler-238 c,0.069
Kepler-238 d,0.115
Kepler-238 e,0.1658
Kepler-238 f,0.2747
Kepler-239 b,0.095
Kepler-239 c,0.268
Kepler-24 b,0.08
Kepler-24 c,0.106
Kepler-24 d,0.051
Kepler-24 e,0.138
Kepler-240 b,0.048
Kepler-240 c,0.074
Kepler-241 b,0.094
Kepler-241 c,0.189
Kepler-242 b,0.075
Kepler-242 c,0.109
Kepler-243 b,0.062
Kepler-243 c,0.142
Kepler-244 b,0.05
Kepler-244 c,0.087
Kepler-244 d,0.14
Kepler-245 b,0.071
Kepler-245 c,0.124
Kepler-245 d,0.202
Kepler-245 e,0.04
Kepler-246 b,0.052
Kepler-246 c,0.095
Kepler-247 b,0.042
Kepler-247 c,0.084
Kepler-247 d,0.14
Kepler-248 b,0.066
Kepler-248 c,0.123
Kepler-249 b,0.035
Kepler-249 c,0.058
Kepler-249 d,0.097
Kepler-25 b,0.0685
Kepler-25 c,0.1101
Kepler-250 b,0.048
Kepler-250 c,0.069
Kepler-250 d,0.127
Kepler-251 b,0.053
Kepler-251 c,0.122
Kepler-251 d,0.182
Kepler-251 e,0.404
Kepler-252 b,0.058
Kepler-252 c,0.08
Kepler-253 b,0.046
Kepler-253 c,0.089
Kepler-253 d,0.13
Kepler-254 b,0.064
Kepler-254 c,0.105
Kepler-254 d,0.139
Kepler-255 b,0.063
Kepler-255 c,0.092
Kepler-255 d,0.0192
Kepler-256 b,0.027
Kepler-256 c,0.045
Kepler-256 d,0.064
Kepler-256 e,0.096
Kepler-257 b,0.034
Kepler-257 c,0.066
Kepler-257 d,0.16
Kepler-258 b,0.103
Kepler-258 c,0.193
Kepler-259 b,0.079
Kepler-259 c,0.217
Kepler-26 b,0.08551
Kepler-26 c,0.10725
Kepler-26 d,0.039
Kepler-26 e,0.22
Kepler-260 b,0.075
Kepler-260 c,0.332
Kepler-261 b,0.088
Kepler-261 c,0.156
Kepler-262 b,0.108
Kepler-262 c,0.152
Kepler-263 b,0.12
Kepler-263 c,0.242
Kepler-264 b,0.249
Kepler-264 c,0.566
Kepler-265 b,0.069
Kepler-265 c,0.127
Kepler-265 d,0.236
Kepler-265 e,0.319
Kepler-266 b,0.071
Kepler-266 c,0.457
Kepler-267 b,0.037
Kepler-267 c,0.06
Kepler-267 d,0.154
Kepler-268 b,0.18
Kepler-268 c,0.391
Kepler-269 b,0.061
Kepler-269 c,0.081
Kepler-27 b,0.118
Kepler-27 c,0.191
Kepler-27 d,0.0668
Kepler-270 b,0.107
Kepler-270 c,0.18
Kepler-271 b,0.0881
Kepler-271 c,0.0702
Kepler-271 d,0.0558
Kepler-272 b,0.038
Kepler-272 c,0.061
Kepler-272 d,0.091
Kepler-273 b,0.037
Kepler-273 c,0.073
Kepler-274 b,0.101
Kepler-274 c,0.204
Kepler-275 b,0.098
Kepler-275 c,0.132
Kepler-275 d,0.224
Kepler-276 b,0.119
Kepler-276 c,0.1994
Kepler-276 d,0.2642
Kepler-277 b,0.1385
Kepler-277 c,0.2129
Kepler-278 b,0.207
Kepler-278 c,0.294
Kepler-279 b,0.112
Kepler-279 c,0.2236
Kepler-279 d,0.2901
Kepler-28 b,0.062
Kepler-28 c,0.081
Kepler-280 b,0.032
Kepler-280 c,0.056
Kepler-281 b,0.117
Kepler-281 c,0.215
Kepler-281 d,0.5456
Kepler-282 b,0.082
Kepler-282 c,0.106
Kepler-282 d,0.154
Kepler-282 e,0.2269
Kepler-283 b,0.082
Kepler-283 c,0.341
Kepler-284 b,0.104
Kepler-284 c,0.213
Kepler-285 b,0.036
Kepler-285 c,0.064
Kepler-286 b,0.027
Kepler-286 c,0.042
Kepler-286 d,0.061
Kepler-286 e,0.176
Kepler-287 b,0.145
Kepler-287 c,0.246
Kepler-288 b,0.065
Kepler-288 c,0.14
Kepler-288 d,0.287
Kepler-289 b,0.21
Kepler-289 c,0.51
Kepler-29 b,0.0919
Kepler-29 c,0.1087
Kepler-290 b,0.11
Kepler-290 c,0.205
Kepler-291 b,0.047
Kepler-291 c,0.065
Kepler-292 b,0.035
Kepler-292 c,0.045
Kepler-292 d,0.068
Kepler-292 e,0.097
Kepler-292 f,0.141
Kepler-293 b,0.144
Kepler-293 c,0.286
Kepler-294 b,0.048
Kepler-294 c,0.071
Kepler-295 b,0.099
Kepler-295 c,0.142
Kepler-295 d,0.192
Kepler-296 b,0.079
Kepler-296 c,0.0521
Kepler-296 d,0.118
Kepler-296 e,0.169
Kepler-296 f,0.255
Kepler-297 b,0.217
Kepler-297 c,0.336
Kepler-298 b,0.08
Kepler-298 c,0.136
Kepler-298 d,0.305
Kepler-299 b,0.04
Kepler-299 c,0.07
Kepler-299 d,0.118
Kepler-299 e,0.22
Kepler-30 b,0.18
Kepler-30 c,0.3
Kepler-30 d,0.5
Kepler-300 b,0.094
Kepler-300 c,0.232
Kepler-301 b,0.036
Kepler-301 c,0.06
Kepler-301 d,0.112
Kepler-302 b,0.193
Kepler-302 c,0.503
Kepler-303 b,0.024
Kepler-303 c,0.057
Kepler-304 b,0.039
Kepler-304 c,0.054
Kepler-304 d,0.08
Kepler-304 e,0.0232
Kepler-305 b,0.0571
Kepler-305 c,0.0752
Kepler-305 d,0.121
Kepler-305 e,0.0399
Kepler-306 b,0.05
Kepler-306 c,0.067
Kepler-306 d,0.12
Kepler-306 e,0.227
Kepler-307 b,0.0917
Kepler-307 c,0.1068
Kepler-308 b,0.09
Kepler-308 c,0.123
Kepler-309 b,0.059
Kepler-309 c,0.401
Kepler-31 b,0.16
Kepler-31 c,0.26
Kepler-31 d,0.4
Kepler-310 b,0.111
Kepler-310 c,0.281
Kepler-310 d,0.392
Kepler-311 b,0.087
Kepler-311 c,0.145
Kepler-312 b,0.031
Kepler-312 c,0.153
Kepler-313 b,0.125
Kepler-313 c,0.208
Kepler-314 b,0.035
Kepler-314 c,0.064
Kepler-315 b,0.402
Kepler-315 c,0.791
Kepler-316 b,0.027
Kepler-316 c,0.058
Kepler-317 b,0.061
Kepler-317 c,0.083
Kepler-318 b,0.056
Kepler-318 c,0.105
Kepler-319 b,0.051
Kepler-319 c,0.069
Kepler-319 d,0.191
Kepler-32 b,0.05
Kepler-32 c,0.09
Kepler-32 d,0.13
Kepler-32 e,0.033
Kepler-32 f,0.013
Kepler-320 b,0.085
Kepler-320 c,0.142
Kepler-321 b,0.057
Kepler-321 c,0.11
Kepler-322 b,0.027
Kepler-322 c,0.051
Kepler-323 b,0.028
Kepler-323 c,0.046
Kepler-324 b,0.05
Kepler-324 c,0.26
Kepler-324 e,0.1074
Kepler-325 b,0.053
Kepler-325 c,0.105
Kepler-325 d,0.22
Kepler-326 b,0.032
Kepler-326 c,0.051
Kepler-326 d,0.066
Kepler-327 b,0.029
Kepler-327 c,0.047
Kepler-327 d,0.09
Kepler-328 b,0.2199
Kepler-328 c,0.354
Kepler-329 b,0.061
Kepler-329 c,0.113
Kepler-33 b,0.0677
Kepler-33 c,0.1189
Kepler-33 d,0.1662
Kepler-33 e,0.2138
Kepler-33 f,0.2535
Kepler-330 b,0.075
Kepler-330 c,0.116
Kepler-331 b,0.065
Kepler-331 c,0.105
Kepler-331 d,0.159
Kepler-332 b,0.07
Kepler-332 c,0.114
Kepler-332 d,0.189
Kepler-333 b,0.087
Kepler-333 c,0.135
Kepler-334 b,0.061
Kepler-334 c,0.107
Kepler-334 d,0.168
Kepler-335 b,0.075
Kepler-335 c,0.356
Kepler-336 b,0.033
Kepler-336 c,0.092
Kepler-336 d,0.154
Kepler-337 b,0.045
Kepler-337 c,0.093
Kepler-338 b,0.117
Kepler-338 c,0.172
Kepler-338 d,0.257
Kepler-339 b,0.055
Kepler-339 c,0.069
Kepler-339 d,0.091
Kepler-340 b,0.134
Kepler-340 c,0.178
Kepler-341 b,0.06
Kepler-341 c,0.08
Kepler-341 d,0.182
Kepler-341 e,0.242
Kepler-342 b,0.128
Kepler-342 c,0.185
Kepler-342 d,0.242
Kepler-342 e,0.0293
Kepler-343 b,0.088
Kepler-343 c,0.167
Kepler-344 b,0.153
Kepler-344 c,0.488
Kepler-345 b,0.066
Kepler-345 c,0.077
Kepler-346 b,0.071
Kepler-346 c,0.168
Kepler-347 b,0.11
Kepler-347 c,0.183
Kepler-348 b,0.076
Kepler-348 c,0.138
Kepler-349 b,0.065
Kepler-349 c,0.105
Kepler-350 b,0.104
Kepler-350 c,0.1385
Kepler-350 d,0.1786
Kepler-351 b,0.214
Kepler-351 c,0.287
Kepler-351 d,0.5177
Kepler-352 b,0.085
Kepler-352 c,0.118
Kepler-352 d,0.0657
Kepler-353 b,0.051
Kepler-353 c,0.065
Kepler-354 b,0.054
Kepler-354 c,0.115
Kepler-354 d,0.146
Kepler-355 b,0.102
Kepler-355 c,0.179
Kepler-356 b,0.057
Kepler-356 c,0.115
Kepler-357 b,0.063
Kepler-357 c,0.12
Kepler-357 d,0.246
Kepler-358 b,0.21
Kepler-358 c,0.381
Kepler-359 b,0.178
Kepler-359 c,0.307
Kepler-359 d,0.372
Kepler-36 b,0.1153
Kepler-36 c,0.1283
Kepler-360 b,0.044
Kepler-360 c,0.075
Kepler-361 b,0.086
Kepler-361 c,0.3
Kepler-362 b,0.087
Kepler-362 c,0.207
Kepler-363 b,0.048
Kepler-363 c,0.079
Kepler-363 d,0.107
Kepler-364 b,0.178
Kepler-364 c,0.312
Kepler-365 b,0.098
Kepler-365 c,0.137
Kepler-366 b,0.045
Kepler-366 c,0.11
Kepler-367 b,0.201
Kepler-367 c,0.253
Kepler-368 b,0.186
Kepler-368 c,0.36
Kepler-369 b,0.03
Kepler-369 c,0.094
Kepler-37 b,0.1003
Kepler-37 c,0.1368
Kepler-37 d,0.2076
Kepler-370 b,0.054
Kepler-370 c,0.14
Kepler-371 b,0.2
Kepler-371 c,0.313
Kepler-372 b,0.075
Kepler-372 c,0.154
Kepler-372 d,0.201
Kepler-373 b,0.06
Kepler-373 c,0.126
Kepler-374 b,0.029
Kepler-374 c,0.042
Kepler-374 d,0.056
Kepler-375 b,0.101
Kepler-375 c,0.141
Kepler-376 b,0.057
Kepler-376 c,0.115
Kepler-377 b,0.109
Kepler-377 c,0.182
Kepler-378 b,0.112
Kepler-378 c,0.166
Kepler-379 b,0.152
Kepler-379 c,0.326
Kepler-380 b,0.05
Kepler-380 c,0.078
Kepler-381 b,0.066
Kepler-381 c,0.117
Kepler-381 d,0.085
Kepler-382 b,0.055
Kepler-382 c,0.097
Kepler-383 b,0.095
Kepler-383 c,0.172
Kepler-384 b,0.148
Kepler-384 c,0.236
Kepler-385 b,0.097
Kepler-385 c,0.127
Kepler-385 d,0.3024
Kepler-386 b,0.096
Kepler-386 c,0.155
Kepler-387 b,0.068
Kepler-387 c,0.098
Kepler-388 b,0.036
Kepler-388 c,0.093
Kepler-389 b,0.041
Kepler-389 c,0.11
Kepler-39 b,0.164
Kepler-390 b,0.065
Kepler-390 c,0.101
Kepler-391 b,0.082
Kepler-391 c,0.161
Kepler-392 b,0.059
Kepler-392 c,0.093
Kepler-393 b,0.091
Kepler-393 c,0.124
Kepler-394 b,0.083
Kepler-394 c,0.11
Kepler-394 d,0.0646
Kepler-395 b,0.061
Kepler-395 c,0.177
Kepler-396 b,0.2336
Kepler-396 c,0.378
Kepler-397 b,0.144
Kepler-397 c,0.48
Kepler-398 b,0.044
Kepler-398 c,0.087
Kepler-398 d,0.0618
Kepler-399 b,0.103
Kepler-399 c,0.155
Kepler-399 d,0.261
Kepler-4 b,0.0456
Kepler-40 b,0.08
Kepler-400 b,0.087
Kepler-400 c,0.134
Kepler-401 b,0.122
Kepler-401 c,0.269
Kepler-401 d,0.6503
Kepler-402 b,0.051
Kepler-402 c,0.068
Kepler-402 d,0.087
Kepler-402 e,0.102
Kepler-403 b,0.076
Kepler-403 c,0.297
Kepler-403 d,0.1211
Kepler-404 b,0.102
Kepler-404 c,0.118
Kepler-405 b,0.095
Kepler-405 c,0.188
Kepler-406 b,0.0359
Kepler-406 c,0.0552
Kepler-407 b,0.0149
Kepler-408 b,0.0359
Kepler-409 b,0.3183
Kepler-41 b,0.03101
Kepler-410 A b,0.1226
Kepler-411 b,0.0375
Kepler-411 c,0.0739
Kepler-411 d,0.279
Kepler-412 b,0.02897
Kepler-418 b,0.3779
Kepler-418 c,0.1024
Kepler-419 b,0.37
Kepler-42 b,0.0116
Kepler-42 c,0.006
Kepler-42 d,0.0154
Kepler-421 b,1.219
Kepler-422 b,0.082
Kepler-423 b,0.03585
Kepler-424 b,0.044
Kepler-425 b,0.0464
Kepler-426 b,0.0414
Kepler-427 b,0.091
Kepler-428 b,0.0433
Kepler-43 b,0.046
Kepler-430 b,0.2244
Kepler-430 c,0.4757
Kepler-431 b,0.0719
Kepler-431 c,0.0847
Kepler-431 d,0.1045
Kepler-432 b,0.301
Kepler-433 b,0.0679
Kepler-434 b,0.1143
Kepler-435 b,0.0948
Kepler-436 b,0.339
Kepler-436 c,0.1158
Kepler-437 b,0.288
Kepler-438 b,0.166
Kepler-439 b,0.563
Kepler-44 b,0.0446
Kepler-440 b,0.242
Kepler-441 b,0.64
Kepler-442 b,0.409
Kepler-443 b,0.495
Kepler-444 b,0.04178
Kepler-444 c,0.04881
Kepler-444 d,0.06
Kepler-444 e,0.0696
Kepler-444 f,0.0811
Kepler-445 b,0.0217
Kepler-445 c,0.0301
Kepler-445 d,0.0439
Kepler-446 b,0.0182
Kepler-446 c,0.0283
Kepler-446 d,0.0403
Kepler-447 b,0.0769
Kepler-449 b,0.1027
Kepler-449 c,0.1979
Kepler-45 b,0.03
Kepler-450 b,0.1993
Kepler-450 c,0.1324
Kepler-450 d,0.082
Kepler-454 b,0.0954
Kepler-457 d,0.0996
Kepler-458 c,0.154
Kepler-46 b,0.1968
Kepler-46 d,0.067
Kepler-460 c,0.7211
Kepler-461 b,0.0821
Kepler-462 b,0.4172
Kepler-462 c,0.7584
Kepler-463 b,0.078
Kepler-464 b,0.0765
Kepler-465 b,0.0953
Kepler-466 b,0.2671
Kepler-466 c,0.0465
Kepler-467 b,0.1651
Kepler-468 b,0.2213
Kepler-470 b,0.2322
Kepler-471 b,0.0626
Kepler-472 b,0.0483
Kepler-473 b,0.1186
Kepler-474 b,0.0606
Kepler-475 b,0.0399
Kepler-476 b,0.1126
Kepler-477 b,0.0911
Kepler-478 b,0.1032
Kepler-479 b,0.0994
Kepler-48 b,0.0528
Kepler-48 c,0.0845
Kepler-48 d,0.2279
Kepler-480 b,0.0605
Kepler-481 b,0.0894
Kepler-482 b,0.2537
Kepler-483 b,0.2072
Kepler-484 b,0.0896
Kepler-485 b,0.0433
Kepler-486 b,0.1725
Kepler-487 b,0.1157
Kepler-487 c,0.2141
Kepler-487 d,0.0337
Kepler-488 b,0.0428
Kepler-489 b,0.1209
Kepler-49 b,0.05929
Kepler-49 c,0.07821
Kepler-49 d,0.031
Kepler-49 e,0.116
Kepler-490 b,0.0453
Kepler-491 b,0.0516
Kepler-492 b,0.0935
Kepler-493 b,0.0439
Kepler-494 b,0.0804
Kepler-495 b,0.0427
Kepler-495 c,0.0614
Kepler-496 b,0.0747
Kepler-497 b,0.0457
Kepler-498 b,0.0897
Kepler-499 b,0.0598
Kepler-5 b,0.0538
Kepler-50 b,0.077
Kepler-50 c,0.087
Kepler-500 b,0.0806
Kepler-501 b,0.0627
Kepler-501 c,0.0467
Kepler-502 b,0.0535
Kepler-504 b,0.0646
Kepler-505 b,0.1445
Kepler-506 b,0.075
Kepler-507 b,0.0473
Kepler-508 b,0.1763
Kepler-509 b,0.2384
Kepler-51 b,0.2514
Kepler-51 c,0.384
Kepler-51 d,0.509
Kepler-510 b,0.134
Kepler-511 b,0.8589
Kepler-511 c,0.1722
Kepler-512 b,0.2194
Kepler-513 b,0.1789
Kepler-514 b,0.0676
Kepler-515 b,0.1333
Kepler-516 b,0.1992
Kepler-517 b,0.2897
Kepler-518 b,0.081
Kepler-519 b,0.1594
Kepler-52 b,0.0637
Kepler-52 c,0.10379
Kepler-52 d,0.182
Kepler-520 b,0.144
Kepler-520 c,0.0594
Kepler-521 b,0.1699
Kepler-522 b,0.2551
Kepler-523 b,0.0606
Kepler-524 b,0.0791
Kepler-524 c,0.0303
Kepler-525 b,0.1396
Kepler-526 b,0.064
Kepler-527 b,0.1179
Kepler-528 b,0.1409
Kepler-529 b,0.0309
Kepler-529 c,0.1075
Kepler-529 d,0.2134
Kepler-53 b,0.139
Kepler-53 c,0.2255
Kepler-53 d,0.091
Kepler-530 b,0.2212
Kepler-531 b,0.1694
Kepler-532 b,0.1012
Kepler-533 b,0.165
Kepler-534 b,0.1272
Kepler-534 c,0.0761
Kepler-535 b,0.0594
Kepler-536 b,0.0276
Kepler-537 b,0.0442
Kepler-538 b,0.4669
Kepler-539 b,0.4988
Kepler-54 b,0.0619
Kepler-54 c,0.0809
Kepler-54 d,0.126
Kepler-540 b,0.5886
Kepler-541 b,0.0641
Kepler-542 b,0.1038
Kepler-543 b,0.098
Kepler-544 b,0.1553
Kepler-545 b,0.1087
Kepler-546 b,0.0502
Kepler-547 b,0.058
Kepler-548 b,0.0495
Kepler-549 b,0.2283
Kepler-549 c,0.4453
Kepler-55 b,0.1593
Kepler-55 c,0.2095
Kepler-55 d,0.029
Kepler-55 e,0.048
Kepler-55 f,0.081
Kepler-550 b,0.0747
Kepler-551 b,0.0893
Kepler-552 b,0.0612
Kepler-553 b,0.0484
Kepler-553 c,0.9084
Kepler-554 b,0.0293
Kepler-555 b,0.1201
Kepler-556 b,0.0973
Kepler-557 b,0.0469
Kepler-558 b,0.1759
Kepler-559 b,0.1277
Kepler-56 b,0.1028
Kepler-56 c,0.1652
Kepler-560 b,0.0899
Kepler-561 b,0.2918
Kepler-561 c,0.0593
Kepler-562 b,0.1333
Kepler-563 b,0.1418
Kepler-564 b,0.0484
Kepler-565 b,0.0501
Kepler-566 b,0.1247
Kepler-567 b,0.1229
Kepler-568 b,0.0794
Kepler-569 b,0.1981
Kepler-57 b,0.06
Kepler-57 c,0.096
Kepler-570 b,0.0497
Kepler-571 b,0.0546
Kepler-572 b,0.1192
Kepler-573 b,0.1486
Kepler-574 b,0.0723
Kepler-575 b,0.0788
Kepler-576 b,0.179
Kepler-577 b,0.1348
Kepler-578 b,0.0266
Kepler-579 b,0.0854
Kepler-58 b,0.0927
Kepler-58 c,0.1228
Kepler-58 d,0.236
Kepler-580 b,0.0683
Kepler-581 b,0.2259
Kepler-582 b,0.1254
Kepler-583 b,0.0689
Kepler-584 b,0.2281
Kepler-585 b,0.0375
Kepler-586 b,0.0331
Kepler-587 b,0.0952
Kepler-588 b,0.052
Kepler-589 b,0.1196
Kepler-589 c,0.0426
Kepler-59 b,0.104
Kepler-59 c,0.1372
Kepler-590 b,0.0647
Kepler-591 b,0.3554
Kepler-592 b,0.0397
Kepler-593 b,0.1508
Kepler-594 b,0.1089
Kepler-595 b,0.1582
Kepler-595 c,0.0983
Kepler-596 b,0.156
Kepler-597 b,0.1056
Kepler-598 b,0.0438
Kepler-598 c,0.3576
Kepler-599 b,0.1128
Kepler-6 b,0.04852
Kepler-60 b,0.0719
Kepler-60 c,0.0835
Kepler-60 d,0.1012
Kepler-600 b,0.1536
Kepler-601 b,0.056
Kepler-602 b,0.1224
Kepler-603 b,0.1502
Kepler-603 c,0.5001
Kepler-603 d,0.0666
Kepler-604 b,0.1735
Kepler-605 b,0.042
Kepler-605 c,0.033
Kepler-606 b,0.17
Kepler-607 b,0.0135
Kepler-607 c,0.2122
Kepler-608 b,0.0685
Kepler-609 b,0.0682
Kepler-61 b,0.24861
Kepler-610 b,0.0719
Kepler-610 c,0.5594
Kepler-611 b,0.0351
Kepler-612 b,0.0452
Kepler-613 b,0.1232
Kepler-614 b,0.1027
Kepler-615 b,0.085
Kepler-616 b,0.0927
Kepler-616 c,0.4024
Kepler-616 d,0.2749
Kepler-617 b,0.0219
Kepler-618 b,0.046
Kepler-619 b,0.0611
Kepler-619 c,0.0225
Kepler-62 b,0.0553
Kepler-62 c,0.0929
Kepler-62 d,0.12
Kepler-62 e,0.427
Kepler-62 f,0.718
Kepler-620 b,0.1053
Kepler-621 b,0.031
Kepler-622 b,0.0978
Kepler-623 b,0.0854
Kepler-624 b,0.1172
Kepler-625 b,0.0768
Kepler-625 c,0.0508
Kepler-626 b,0.115
Kepler-627 b,0.2327
Kepler-628 b,0.1241
Kepler-629 b,0.0712
Kepler-63 b,0.08
Kepler-630 b,0.5729
Kepler-631 b,0.1447
Kepler-632 b,0.1885
Kepler-633 b,0.0815
Kepler-633 c,0.1618
Kepler-634 b,0.0578
Kepler-635 b,0.1764
Kepler-636 b,0.1185
Kepler-637 b,0.1867
Kepler-638 b,0.0632
Kepler-639 b,0.0966
Kepler-640 b,0.1566
Kepler-641 b,0.0879
Kepler-642 b,0.0589
Kepler-643 b,0.126
Kepler-644 b,0.0466
Kepler-645 b,0.049
Kepler-646 b,0.1149
Kepler-647 b,0.1222
Kepler-647 c,0.1827
Kepler-648 b,0.1341
Kepler-649 b,0.1805
Kepler-65 b,0.035
Kepler-65 c,0.068
Kepler-65 d,0.084
Kepler-650 b,0.0421
Kepler-651 b,0.1409
Kepler-652 b,0.0503
Kepler-653 b,0.1197
Kepler-653 c,0.0186
Kepler-654 b,0.1116
Kepler-655 b,0.2559
Kepler-656 b,0.0232
Kepler-657 b,0.1654
Kepler-658 b,0.0188
Kepler-659 b,0.1204
Kepler-66 b,0.1352
Kepler-660 b,0.0759
Kepler-661 b,0.0585
Kepler-662 b,0.1408
Kepler-663 b,0.0559
Kepler-664 b,0.0374
Kepler-665 b,0.1148
Kepler-666 b,0.0542
Kepler-667 b,0.2288
Kepler-668 b,0.0768
Kepler-669 b,0.0529
Kepler-67 b,0.1171
Kepler-670 b,0.0383
Kepler-671 b,0.0503
Kepler-672 b,0.2163
Kepler-673 b,0.0455
Kepler-674 b,0.028
Kepler-675 b,0.0325
Kepler-676 b,0.0798
Kepler-677 b,0.067
Kepler-678 b,0.0732
Kepler-679 b,0.0983
Kepler-68 b,0.0617
Kepler-68 c,0.09059
Kepler-680 b,0.0469
Kepler-681 b,0.1635
Kepler-682 b,0.1058
Kepler-683 b,0.0355
Kepler-684 b,0.064
Kepler-685 b,0.0265
Kepler-686 b,0.0258
Kepler-687 b,0.1326
Kepler-688 b,0.046
Kepler-689 b,0.1449
Kepler-69 b,0.094
Kepler-69 c,0.64
Kepler-690 b,0.081
Kepler-691 b,0.0649
Kepler-692 b,0.1495
Kepler-693 b,0.1121
Kepler-694 b,0.0659
Kepler-695 b,0.0374
Kepler-696 b,0.0535
Kepler-697 b,0.0471
Kepler-698 b,0.1255
Kepler-699 b,0.1711
Kepler-7 b,0.06067
Kepler-700 b,0.3577
Kepler-701 b,0.0895
Kepler-702 b,0.088
Kepler-703 b,0.0535
Kepler-704 b,0.047
Kepler-705 b,0.232
Kepler-706 b,0.2162
Kepler-707 b,0.0325
Kepler-708 b,0.0426
Kepler-709 b,0.1173
Kepler-710 b,0.0524
Kepler-711 b,0.1429
Kepler-712 b,0.1378
Kepler-712 c,0.6732
Kepler-713 b,0.0748
Kepler-714 b,0.0832
Kepler-715 b,0.0933
Kepler-716 b,0.0873
Kepler-716 c,0.046
Kepler-717 b,0.052
Kepler-718 b,0.0322
Kepler-719 b,0.0556
Kepler-720 b,0.0539
Kepler-721 b,0.0583
Kepler-722 b,0.0514
Kepler-722 c,0.4471
Kepler-723 b,0.0479
Kepler-724 b,0.0433
Kepler-725 b,0.215
Kepler-726 b,0.1406
Kepler-727 b,0.0546
Kepler-728 b,0.0625
Kepler-729 b,0.0432
Kepler-730 b,0.0694
Kepler-730 c,0.03997
Kepler-731 b,0.0505
Kepler-732 b,0.0691
Kepler-732 c,0.0143
Kepler-733 b,0.1483
Kepler-734 b,0.0583
Kepler-735 b,0.0965
Kepler-736 b,0.0428
Kepler-737 b,0.1422
Kepler-738 b,0.1552
Kepler-739 b,0.1054
Kepler-74 b,0.0781
Kepler-740 b,0.0462
Kepler-741 b,0.0744
Kepler-742 b,0.0744
Kepler-743 b,0.0418
Kepler-744 b,0.0993
Kepler-745 b,0.0915
Kepler-746 b,0.0435
Kepler-747 b,0.1916
Kepler-748 b,0.0745
Kepler-749 b,0.1054
Kepler-75 b,0.0818
Kepler-750 b,0.093
Kepler-750 c,0.0533
Kepler-751 b,0.1263
Kepler-752 b,0.1353
Kepler-753 b,0.054
Kepler-754 b,0.116
Kepler-755 b,0.0214
Kepler-755 c,0.0367
Kepler-756 b,0.0219
Kepler-757 b,0.019
Kepler-758 b,0.1019
Kepler-758 c,0.0547
Kepler-758 d,0.1447
Kepler-758 e,0.0785
Kepler-759 b,0.2329
Kepler-760 b,0.0772
Kepler-760 c,0.0333
Kepler-761 b,0.0874
Kepler-762 b,0.0493
Kepler-763 b,0.0205
Kepler-764 b,0.0724
Kepler-765 b,0.1754
Kepler-766 b,0.066
Kepler-767 b,0.5874
Kepler-768 b,0.092
Kepler-769 b,0.0778
Kepler-769 c,0.1297
Kepler-77 b,0.04501
Kepler-770 b,0.1694
Kepler-770 c,0.0309
Kepler-770 d,0.0616
Kepler-771 b,0.0843
Kepler-772 b,0.1071
Kepler-773 b,0.047
Kepler-774 b,0.1114
Kepler-775 b,0.0187
Kepler-776 b,0.0523
Kepler-777 b,0.0519
Kepler-778 b,0.0453
Kepler-779 b,0.0533
Kepler-780 b,0.015
Kepler-781 b,0.1019
Kepler-782 b,0.5444
Kepler-783 b,0.0491
Kepler-783 c,0.0684
Kepler-784 b,0.1967
Kepler-785 b,0.025
Kepler-786 b,0.2548
Kepler-787 b,0.0159
Kepler-788 b,0.0835
Kepler-789 b,0.0951
Kepler-79 b,0.117
Kepler-79 c,0.187
Kepler-79 d,0.287
Kepler-79 e,0.386
Kepler-790 b,0.101
Kepler-791 b,0.1256
Kepler-792 b,0.0988
Kepler-793 b,0.0491
Kepler-794 b,0.1036
Kepler-795 b,0.1817
Kepler-796 b,0.0662
Kepler-797 b,0.181
Kepler-798 b,0.1174
Kepler-799 b,0.5167
Kepler-799 c,0.1214
Kepler-8 b,0.0474
Kepler-80 b,0.0648
Kepler-80 c,0.0792
Kepler-80 d,0.0372
Kepler-80 e,0.0491
Kepler-80 f,0.0175
Kepler-800 b,0.1106
Kepler-801 b,0.0795
Kepler-802 b,0.2265
Kepler-803 b,0.2678
Kepler-804 b,0.1137
Kepler-804 c,0.0872
Kepler-805 b,0.1978
Kepler-806 b,0.0764
Kepler-807 b,0.4884
Kepler-808 b,0.0116
Kepler-809 b,0.2901
Kepler-81 b,0.0522
Kepler-81 c,0.08347
Kepler-81 d,0.128
Kepler-810 b,0.055
Kepler-811 b,0.1583
Kepler-812 b,0.1024
Kepler-813 b,0.1439
Kepler-814 b,0.0695
Kepler-815 b,0.0888
Kepler-816 b,0.0895
Kepler-817 b,0.0493
Kepler-818 b,0.0886
Kepler-819 b,0.1894
Kepler-82 b,0.1683
Kepler-82 c,0.2626
Kepler-82 d,0.034
Kepler-82 e,0.063
Kepler-820 b,0.5829
Kepler-821 b,0.029
Kepler-822 b,0.0412
Kepler-823 b,0.0507
Kepler-824 b,0.055
Kepler-825 b,0.0453
Kepler-825 c,0.0759
Kepler-826 b,0.0528
Kepler-827 b,0.2742
Kepler-828 b,0.0125
Kepler-829 b,0.0678
Kepler-83 b,0.07295
Kepler-83 c,0.11796
Kepler-83 d,0.051
Kepler-830 b,0.1033
Kepler-831 b,0.0603
Kepler-832 b,0.075
Kepler-833 b,0.1139
Kepler-834 b,0.0862
Kepler-835 b,0.107
Kepler-836 b,0.1013
Kepler-837 b,0.1144
Kepler-838 b,0.1266
Kepler-839 b,0.2341
Kepler-84 b,0.0827
Kepler-84 c,0.1072
Kepler-84 d,0.052
Kepler-84 e,0.181
Kepler-84 f,0.25
Kepler-840 b,0.0355
Kepler-841 b,0.479
Kepler-842 b,0.0204
Kepler-843 b,0.0313
Kepler-844 b,0.0298
Kepler-845 b,0.017
Kepler-846 b,0.1399
Kepler-847 b,0.0315
Kepler-848 b,0.072
Kepler-849 b,1.1088
Kepler-85 b,0.0766
Kepler-85 c,0.1007
Kepler-85 d,0.13
Kepler-85 e,0.163
Kepler-850 b,0.0744
Kepler-851 b,0.0802
Kepler-852 b,0.2654
Kepler-853 b,0.0779
Kepler-854 b,0.0334
Kepler-855 b,0.0762
Kepler-856 b,0.0787
Kepler-857 b,0.3751
Kepler-858 b,0.3403
Kepler-859 b,0.1345
Kepler-860 b,0.058
Kepler-861 b,0.0463
Kepler-862 b,0.039
Kepler-863 b,0.122
Kepler-864 b,0.0687
Kepler-865 b,0.1057
Kepler-866 b,0.0331
Kepler-867 b,0.5375
Kepler-868 b,0.0575
Kepler-869 b,0.2244
Kepler-87 b,0.481
Kepler-87 c,0.676
Kepler-870 b,0.1539
Kepler-871 b,0.1572
Kepler-872 b,0.0362
Kepler-873 b,0.1542
Kepler-874 b,0.2234
Kepler-875 b,0.1771
Kepler-876 b,0.0549
Kepler-877 b,0.1301
Kepler-878 b,0.165
Kepler-879 b,0.2012
Kepler-880 b,0.0915
Kepler-881 b,0.0552
Kepler-882 b,0.0449
Kepler-883 b,0.1055
Kepler-884 b,0.0622
Kepler-885 b,0.1432
Kepler-886 b,0.067
Kepler-887 b,0.1536
Kepler-887 c,0.0797
Kepler-888 b,0.328
Kepler-889 b,0.0492
Kepler-890 b,0.2944
Kepler-891 b,0.2881
Kepler-892 b,0.1015
Kepler-893 b,0.0699
Kepler-894 b,0.0916
Kepler-895 b,0.0328
Kepler-896 b,0.5164
Kepler-897 b,0.077
Kepler-898 b,0.0545
Kepler-899 b,0.1392
Kepler-9 b,0.143
Kepler-9 c,0.227
Kepler-9 d,0.0273
Kepler-900 b,0.0679
Kepler-901 b,0.0378
Kepler-902 b,0.223
Kepler-903 b,0.0907
Kepler-903 c,0.302
Kepler-904 b,0.0417
Kepler-905 b,0.0572
Kepler-906 b,0.2359
Kepler-907 b,0.1225
Kepler-908 b,0.0247
Kepler-909 b,0.1175
Kepler-91 b,0.0731
Kepler-910 b,0.0382
Kepler-911 b,0.1549
Kepler-912 b,0.0339
Kepler-913 b,0.1009
Kepler-913 c,0.0699
Kepler-914 b,0.0544
Kepler-915 b,0.0566
Kepler-916 b,0.1885
Kepler-917 b,0.0378
Kepler-918 b,0.0569
Kepler-919 b,0.0981
Kepler-92 b,0.1174
Kepler-92 c,0.1829
Kepler-92 d,0.2754
Kepler-920 b,0.065
Kepler-920 c,0.4029
Kepler-921 b,0.2716
Kepler-922 b,0.0182
Kepler-923 b,0.0715
Kepler-924 b,0.3359
Kepler-925 b,0.1805
Kepler-926 b,0.2739
Kepler-927 b,0.0866
Kepler-928 b,0.0444
Kepler-929 b,0.0192
Kepler-93 b,0.053
Kepler-930 b,0.3475
Kepler-931 b,0.0719
Kepler-932 b,0.0279
Kepler-933 b,0.1041
Kepler-934 b,0.2658
Kepler-935 b,0.0527
Kepler-936 b,0.0954
Kepler-937 b,0.3214
Kepler-937 c,0.5545
Kepler-938 b,0.2689
Kepler-939 b,0.1153
Kepler-94 b,0.03106
Kepler-940 b,0.3059
Kepler-941 b,0.1311
Kepler-942 b,0.2298
Kepler-943 b,0.2559
Kepler-944 b,0.2288
Kepler-945 b,0.2037
Kepler-946 b,0.1002
Kepler-947 b,0.1773
Kepler-948 b,0.0749
Kepler-949 b,0.0774
Kepler-95 b,0.1017
Kepler-950 b,0.3982
Kepler-951 b,0.3091
Kepler-952 b,0.5183
Kepler-953 b,0.392
Kepler-953 c,0.0862
Kepler-954 b,0.118
Kepler-955 b,0.1083
Kepler-956 b,0.0596
Kepler-957 b,0.0559
Kepler-958 b,0.0852
Kepler-959 b,0.1633
Kepler-96 b,0.1235
Kepler-960 b,0.0414
Kepler-961 b,0.1245
Kepler-962 b,0.0984
Kepler-963 b,0.0849
Kepler-964 b,0.1063
Kepler-965 b,0.512
Kepler-966 b,0.3907
Kepler-967 b,0.1027
Kepler-967 c,0.6253
Kepler-968 b,0.0389
Kepler-968 c,0.052
Kepler-969 b,0.2027
Kepler-969 c,0.0272
Kepler-97 b,0.0356
Kepler-970 b,0.1107
Kepler-971 b,0.0827
Kepler-972 b,0.0734
Kepler-973 b,0.2508
Kepler-974 b,0.0419
Kepler-975 b,0.0303
Kepler-976 b,0.4217
Kepler-977 b,0.162
Kepler-978 b,0.2726
Kepler-979 b,0.0753
Kepler-98 b,0.0256
Kepler-980 b,0.1005
Kepler-981 b,0.0535
Kepler-982 b,0.1291
Kepler-983 b,0.3148
Kepler-984 b,0.2327
Kepler-985 b,0.4451
Kepler-986 b,0.276
Kepler-987 b,0.4238
Kepler-988 b,0.1085
Kepler-989 b,0.0734
Kepler-99 b,0.0503
Kepler-990 b,0.0883
Kepler-990 c,0.0127
Kepler-991 b,0.3104
Kepler-992 b,0.1339
Kepler-993 b,0.13
Kepler-994 b,0.0177
Kepler-995 b,0.1701
Kepler-996 b,0.0474
Kepler-997 b,0.0397
Kepler-998 b,0.0626
Kepler-999 b,0.0681
